city_name,population,country_alpha3_code,alpha2_country_code,latitude,longitude
Tirana,270000,ALB,AL,41.3281482,19.8184435
Andorra la Vella,21189,AND,AD,42.5069391,1.5212467
Wien,1608144,AUT,AT,48.2083537,16.3725042
Graz,240967,AUT,AT,47.0708678,15.4382786
Linz,188022,AUT,AT,48.3059078,14.286198
Salzburg,144247,AUT,AT,47.7981346,13.0464806
Innsbruck,111752,AUT,AT,47.2654296,11.3927685
Klagenfurt,91141,AUT,AT,46.623943,14.3075976
Antwerpen,446525,BEL,BE,51.2211097,4.3997081
Gent,224180,BEL,BE,51.0538286,3.7250121
Charleroi,200827,BEL,BE,50.4116233,4.444528
Liège,185639,BEL,BE,50.6450944,5.5736112
Bruxelles [Brussel],133859,BEL,BE,50.8465573,4.351697
Brugge,116246,BEL,BE,51.2085526,3.226772
Schaerbeek,105692,BEL,BE,50.8676041,4.3737121
Namur,105419,BEL,BE,50.4665284,4.8661892
Mons,90935,BEL,BE,50.4549568,3.951958
Sofija,1122302,BGR,BG,42.6977028,23.3217359
Plovdiv,342584,BGR,BG,42.1418541,24.7499297
Varna,299801,BGR,BG,43.2073873,27.9166653
Burgas,195255,BGR,BG,42.4936616,27.4721276
Ruse,166467,BGR,BG,43.8350657,25.95799152318159
Stara Zagora,147939,BGR,BG,42.4248111,25.6257479
Pleven,121952,BGR,BG,43.4809895,24.6060664603708
Sliven,105530,BGR,BG,42.64169,26.263428283625732
Dobric,100399,BGR,BG,43.66377745,27.90021225939759
Šumen,94686,BGR,BG,43.2703797,26.9247362
Sarajevo,360000,BIH,BA,43.8519774,18.3866868
Banja Luka,143079,BIH,BA,44.7720845,17.1917651
Zenica,96027,BIH,BA,44.199828,17.9093012
Minsk,1674000,BLR,BY,53.9024716,27.5618225
Gomel,475000,BLR,BY,52.4238936,31.0131698
Mogiljov,356000,BLR,BY,53.9090245,30.3429838
Vitebsk,340000,BLR,BY,55.1930197,30.2070437
Grodno,302000,BLR,BY,53.6834599,23.8342648
Brest,286000,BLR,BY,52.093751,23.6851851
Bobruisk,221000,BLR,BY,53.1378769,29.195439314870455
Baranovitši,167000,BLR,BY,53.13217855,25.97101338172825
Borisov,151000,BLR,BY,54.2240665,28.5117849
Pinsk,130000,BLR,BY,52.1113862,26.1025274
Orša,124000,BLR,BY,54.5119008,30.4254486
Mozyr,110000,BLR,BY,52.0475482,29.2667179
Novopolotsk,106000,BLR,BY,55.52780005,28.54626032674314
Lida,101000,BLR,BY,53.8949515,25.295719
Soligorsk,101000,BLR,BY,52.7893039,27.5318168
Molodetšno,97000,BLR,BY,54.3132808,26.8507092
Zürich,336800,CHE,CH,47.3744489,8.5410422
Geneve,173500,CHE,CH,46.2017559,6.1466014
Basel,166700,CHE,CH,47.5581077,7.5878261
Bern,122700,CHE,CH,46.9484742,7.4521749
Lausanne,114500,CHE,CH,46.5218269,6.6327025
Praha,1181126,CZE,CZ,50.0596288,14.446459273258007
Brno,381862,CZE,CZ,49.1922443,16.6113382
Ostrava,320041,CZE,CZ,49.8349139,18.2820084
Plzen,166759,CZE,CZ,49.7477415,13.3775249
Olomouc,102702,CZE,CZ,49.5940567,17.251143
Liberec,99155,CZE,CZ,50.7702648,15.0583947
Ceské Budejovice,98186,CZE,CZ,48.9747357,14.474285
Hradec Králové,98080,CZE,CZ,50.2092113,15.8327512
Ústí nad Labem,95491,CZE,CZ,50.6603327,14.0381357
Pardubice,91309,CZE,CZ,50.0385812,15.7791356
Berlin,3386667,DEU,DE,52.510885,13.3989367
Hamburg,1704735,DEU,DE,53.550341,10.000654
Munich [München],1194560,DEU,DE,48.1371079,11.5753822
Köln,962507,DEU,DE,50.938361,6.959974
Frankfurt am Main,643821,DEU,DE,50.1106444,8.6820917
Essen,599515,DEU,DE,51.4582235,7.0158171
Dortmund,590213,DEU,DE,51.5142273,7.4652789
Stuttgart,582443,DEU,DE,48.7784485,9.1800132
Düsseldorf,568855,DEU,DE,51.2254018,6.7763137
Bremen,540330,DEU,DE,53.0758196,8.8071646
Duisburg,519793,DEU,DE,51.434999,6.759562
Hannover,514718,DEU,DE,52.3744779,9.7385532
Leipzig,489532,DEU,DE,51.3406321,12.3747329
Nürnberg,486628,DEU,DE,49.453872,11.077298
Dresden,476668,DEU,DE,51.0493286,13.7381437
Bochum,392830,DEU,DE,51.4818111,7.2196635
Wuppertal,368993,DEU,DE,51.264018,7.1780374
Bielefeld,321125,DEU,DE,52.0191005,8.531007
Mannheim,307730,DEU,DE,49.4892913,8.4673098
Bonn,301048,DEU,DE,50.7352621,7.1024635
Gelsenkirchen,281979,DEU,DE,51.5110321,7.0960124
Karlsruhe,277204,DEU,DE,49.0068705,8.4034195
Wiesbaden,268716,DEU,DE,50.0820384,8.2416556
Münster,264670,DEU,DE,51.9625101,7.6251879
Mönchengladbach,263697,DEU,DE,51.1947131,6.4353792
Chemnitz,263222,DEU,DE,50.8323531,12.918914
Augsburg,254867,DEU,DE,48.3690341,10.8979522
Halle/Saale,254360,DEU,DE,51.4825041,11.9705452
Braunschweig,246322,DEU,DE,52.2646577,10.5236066
Aachen,243825,DEU,DE,50.776351,6.083862
Krefeld,241769,DEU,DE,51.3331205,6.5623343
Magdeburg,235073,DEU,DE,52.1315889,11.6399609
Kiel,233795,DEU,DE,54.3227085,10.135555
Oberhausen,222349,DEU,DE,51.4696137,6.8514435
Lübeck,213326,DEU,DE,53.866444,10.684738
Hagen,205201,DEU,DE,51.3582945,7.473296
Rostock,203279,DEU,DE,54.0886707,12.1400211
Freiburg im Breisgau,202455,DEU,DE,47.9960901,7.8494005
Erfurt,201267,DEU,DE,50.9777974,11.0287364
Kassel,196211,DEU,DE,51.3157833,9.4978479
Saarbrücken,183836,DEU,DE,49.234362,6.996379
Mainz,183134,DEU,DE,49.9995205,8.2736253
Hamm,181804,DEU,DE,51.681281,7.8191185
Herne,175661,DEU,DE,51.5380394,7.219985
Mülheim an der Ruhr,173895,DEU,DE,51.4272925,6.8829192
Solingen,165583,DEU,DE,51.1721629,7.0845893
Osnabrück,164539,DEU,DE,52.2719595,8.047635
Ludwigshafen am Rhein,163771,DEU,DE,49.4704113,8.4381568
Leverkusen,160841,DEU,DE,51.0324743,6.9881194
Oldenburg,154125,DEU,DE,53.1389753,8.2146017
Neuss,149702,DEU,DE,51.1981778,6.6916476
Heidelberg,139672,DEU,DE,49.4093582,8.694724
Darmstadt,137776,DEU,DE,49.8851869,8.6736295
Paderborn,137647,DEU,DE,51.7177044,8.752653
Potsdam,128983,DEU,DE,52.4009309,13.0591397
Würzburg,127350,DEU,DE,49.7780356,9.94347690712558
Regensburg,125236,DEU,DE,49.0195333,12.0974869
Recklinghausen,125022,DEU,DE,51.6143815,7.1978546
Göttingen,124775,DEU,DE,51.5328328,9.9351811
Bremerhaven,122735,DEU,DE,53.5505392,8.5851945
Wolfsburg,121954,DEU,DE,52.4205588,10.7861682
Bottrop,121097,DEU,DE,51.521581,6.929204
Remscheid,120125,DEU,DE,51.1798706,7.1943544
Heilbronn,119526,DEU,DE,49.142291,9.218655
Pforzheim,117227,DEU,DE,48.8908846,8.7029532
Offenbach am Main,116627,DEU,DE,50.1055002,8.7610698
Ulm,116103,DEU,DE,48.3984968,9.9912458
Ingolstadt,114826,DEU,DE,48.7630165,11.4250395
Gera,114718,DEU,DE,50.8765537,12.0832666
Salzgitter,112934,DEU,DE,52.1503721,10.3593147
Cottbus,110894,DEU,DE,51.7567447,14.3357307
Reutlingen,110343,DEU,DE,48.4919508,9.2114144
Fürth,109771,DEU,DE,49.48857105,10.95872031326412
Siegen,109225,DEU,DE,50.8751175,8.0256131
Koblenz,108003,DEU,DE,50.3533278,7.5943951
Moers,106837,DEU,DE,51.451283,6.62843
Bergisch Gladbach,106150,DEU,DE,50.9929303,7.1277379
Zwickau,104146,DEU,DE,50.7185043,12.4939267
Hildesheim,104013,DEU,DE,52.1527188,9.9518083
Witten,103384,DEU,DE,51.4370171,7.335124
Schwerin,102878,DEU,DE,53.6288297,11.4148038
Erlangen,100750,DEU,DE,49.589157099999994,10.98120719922546
Kaiserslautern,100025,DEU,DE,49.4432174,7.7689951
Trier,99891,DEU,DE,49.7596208,6.6441878
Jena,99779,DEU,DE,50.9281717,11.5879359
Iserlohn,99474,DEU,DE,51.3746778,7.6999713
Gütersloh,95028,DEU,DE,51.9063997,8.3782078
Marl,93735,DEU,DE,51.6485843,7.0829054
Lünen,92044,DEU,DE,51.6142482,7.5228088
Düren,91092,DEU,DE,50.8031684,6.4820806
Ratingen,90951,DEU,DE,51.2973261,6.8493503
Velbert,89881,DEU,DE,51.3406713,7.0439912
Esslingen am Neckar,89667,DEU,DE,48.7427584,9.3071685
København,495699,DNK,DK,55.6867243,12.5700724
Århus,284846,DNK,DK,56.1496278,10.2134046
Odense,183912,DNK,DK,55.3997225,10.3852104
Aalborg,161161,DNK,DK,57.0462626,9.9215263
Frederiksberg,90327,DNK,DK,55.678016,12.5326186
Madrid,2879052,ESP,ES,40.4167047,-3.7035825
Barcelona,1503451,ESP,ES,41.3828939,2.1774322
Valencia,739412,ESP,ES,39.4697065,-0.3763353
Sevilla,701927,ESP,ES,37.3886303,-5.9953403
Zaragoza,603367,ESP,ES,41.6521342,-0.8809428
Málaga,530553,ESP,ES,36.7213028,-4.4216366
Bilbao,357589,ESP,ES,43.2630018,-2.9350039
Las Palmas de Gran Canaria,354757,ESP,ES,28.1288694,-15.4349015
Murcia,353504,ESP,ES,37.9923795,-1.1305431
Palma de Mallorca,326993,ESP,ES,39.5695818,2.6500745
Valladolid,319998,ESP,ES,41.6521807,-4.728605
Córdoba,311708,ESP,ES,37.8845813,-4.7760138
Vigo,283670,ESP,ES,42.2376602,-8.7247205
Alicante [Alacant],272432,ESP,ES,38.3436365,-0.4881708
Gijón,267980,ESP,ES,43.5449422,-5.66275
L´Hospitalet de Llobregat,247986,ESP,ES,41.3598601,2.0997927
Granada,244767,ESP,ES,37.1734995,-3.5995337
A Coruña (La Coruña),243402,ESP,ES,43.3709703,-8.3959425
Vitoria-Gasteiz,217154,ESP,ES,42.8465088,-2.6724025
Santa Cruz de Tenerife,213050,ESP,ES,28.467178,-16.2507843
Badalona,209635,ESP,ES,41.4493539,2.248254
Oviedo,200453,ESP,ES,43.3618625,-5.8483581
Móstoles,195351,ESP,ES,40.3238525,-3.8649214
Elche [Elx],193174,ESP,ES,38.2682326,-0.696458
Sabadell,184859,ESP,ES,41.5421013,2.1138977
Santander,184165,ESP,ES,43.4618932,-3.8100255
Jerez de la Frontera,182660,ESP,ES,36.6816936,-6.1377402
Pamplona [Iruña],180483,ESP,ES,42.81568595,-1.6522353378580308
Donostia-San Sebastián,179208,ESP,ES,43.3224219,-1.9838889
Cartagena,177709,ESP,ES,37.6152488,-0.9876857
Leganés,173163,ESP,ES,40.3281942,-3.76527
Fuenlabrada,171173,ESP,ES,40.282476,-3.7923422
Almería,169027,ESP,ES,36.8414197,-2.4628135
Terrassa,168695,ESP,ES,41.5629623,2.0100492
Alcalá de Henares,164463,ESP,ES,40.481954,-3.363981
Burgos,162802,ESP,ES,42.343926,-3.696977
Salamanca,158720,ESP,ES,40.9651572,-5.6640182
Albacete,147527,ESP,ES,38.9950921,-1.8559154
Getafe,145371,ESP,ES,40.3070639,-3.7331808
Cádiz,142449,ESP,ES,36.5297438,-6.2928976
Alcorcón,142048,ESP,ES,40.3492998,-3.8284295
Huelva,140583,ESP,ES,37.2575874,-6.9484945
León,139809,ESP,ES,42.5989995,-5.5682413
Castellón de la Plana [Castell,139712,ESP,ES,40.03489685,-0.0053932034337808
Badajoz,136613,ESP,ES,38.878187,-6.9701115
[San Cristóbal de] la Laguna,127945,ESP,ES,28.4857715,-16.3159422
Logroño,127093,ESP,ES,42.4661196,-2.4396676
Santa Coloma de Gramenet,120802,ESP,ES,41.4515626,2.2083371
Tarragona,113016,ESP,ES,41.1172364,1.2546057
Lleida (Lérida),112207,ESP,ES,41.6147605,0.6267842
Jaén,109247,ESP,ES,37.9557275,-3.492055612037218
Ourense (Orense),109120,ESP,ES,42.3436415,-7.8674242
Mataró,104095,ESP,ES,41.5398348,2.4448926
Algeciras,103106,ESP,ES,36.1311725,-5.4473991
Marbella,101144,ESP,ES,36.508976,-4.88562
Barakaldo,98212,ESP,ES,43.29548,-2.9900933
Dos Hermanas,94591,ESP,ES,37.283689,-5.9226718
Santiago de Compostela,93745,ESP,ES,42.8804219,-8.5458608
Torrejón de Ardoz,92262,ESP,ES,40.4587767,-3.4793343
Tallinn,403981,EST,EE,59.4372155,24.7453688
Tartu,101246,EST,EE,58.3801207,26.72245
Helsinki [Helsingfors],555474,FIN,FI,60.1717794,24.9413548
Espoo,213271,FIN,FI,60.2047672,24.6568435
Tampere,195468,FIN,FI,61.4980214,23.7603118
Vantaa,178471,FIN,FI,60.2933337,25.0407809
Turku [Åbo],172561,FIN,FI,60.4760144,22.2027408
Oulu,120753,FIN,FI,65.0118734,25.4716809
Lahti,96921,FIN,FI,60.9826014,25.6613764
Paris,2125246,FRA,FR,48.8588897,2.3200410217200766
Marseille,798430,FRA,FR,43.2961743,5.3699525
Lyon,445452,FRA,FR,45.7578137,4.8320114
Toulouse,390350,FRA,FR,43.6044622,1.4442469
Nice,342738,FRA,FR,43.7009358,7.2683912
Nantes,270251,FRA,FR,47.2186371,-1.5541362
Strasbourg,264115,FRA,FR,48.584614,7.7507127
Montpellier,225392,FRA,FR,43.6112422,3.8767337
Bordeaux,215363,FRA,FR,44.841225,-0.5800364
Rennes,206229,FRA,FR,48.1113387,-1.6800198
Le Havre,190905,FRA,FR,49.4938975,0.1079732
Reims,187206,FRA,FR,49.2577886,4.031926
Lille,184657,FRA,FR,50.6365654,3.0635282
St-Étienne,180210,FRA,FR,45.4401467,4.3873058
Toulon,160639,FRA,FR,43.1257311,5.9304919
Grenoble,153317,FRA,FR,45.1875602,5.7357819
Angers,151279,FRA,FR,47.4739884,-0.5515588
Dijon,149867,FRA,FR,47.3215806,5.0414701
Brest,149634,FRA,FR,48.3905283,-4.4860088
Le Mans,146105,FRA,FR,48.0073849,0.1967849
Clermont-Ferrand,137140,FRA,FR,45.7774551,3.0819427
Amiens,135501,FRA,FR,49.8941708,2.2956951
Aix-en-Provence,134222,FRA,FR,43.5298424,5.4474738
Limoges,133968,FRA,FR,45.8354243,1.2644847
Nîmes,133424,FRA,FR,43.8374249,4.3600687
Tours,132820,FRA,FR,47.3900474,0.6889268
Villeurbanne,124215,FRA,FR,45.7733573,4.8868454
Metz,123776,FRA,FR,49.1196964,6.1763552
Besançon,117733,FRA,FR,47.2380222,6.0243622
Caen,113987,FRA,FR,49.1813403,-0.3635615
Orléans,113126,FRA,FR,47.9027336,1.9086066
Mulhouse,110359,FRA,FR,47.7467233,7.3389937
Rouen,106592,FRA,FR,49.4404591,1.0939658
Boulogne-Billancourt,106367,FRA,FR,48.8356649,2.240206
Perpignan,105115,FRA,FR,42.6985304,2.8953121
Nancy,103605,FRA,FR,48.6937223,6.1834097
Roubaix,96984,FRA,FR,50.6915893,3.1741734
Argenteuil,93961,FRA,FR,48.9479069,2.2481797
Tourcoing,93540,FRA,FR,50.7235038,3.1605714
Montreuil,90674,FRA,FR,50.4638918,1.7631125
Tórshavn,14542,FRO,FO,62.012,-6.768
London,7285000,GBR,GB,51.4893335,-0.1440550845276872
Birmingham,1013000,GBR,GB,52.4796992,-1.9026911
Glasgow,619680,GBR,GB,55.861155,-4.2501687
Liverpool,461000,GBR,GB,53.4071991,-2.99168
Edinburgh,450180,GBR,GB,55.9533456,-3.1883749
Sheffield,431607,GBR,GB,53.3806626,-1.4702278
Manchester,430000,GBR,GB,53.4794892,-2.2451148
Leeds,424194,GBR,GB,53.7974185,-1.5437941
Bristol,402000,GBR,GB,51.4538022,-2.5972985
Cardiff,321000,GBR,GB,51.4816546,-3.1791934
Coventry,304000,GBR,GB,52.4081812,-1.510477
Leicester,294000,GBR,GB,52.6362,-1.1331969
Bradford,289376,GBR,GB,53.7944229,-1.7519186
Belfast,287500,GBR,GB,54.596391,-5.9301829
Nottingham,287000,GBR,GB,52.9534193,-1.1496461
Kingston upon Hull,262000,GBR,GB,53.76238625,-0.3301213755327681
Plymouth,253000,GBR,GB,50.3714122,-4.1424451
Stoke-on-Trent,252000,GBR,GB,53.0162014,-2.1812607
Wolverhampton,242000,GBR,GB,52.5847651,-2.127567
Derby,236000,GBR,GB,52.9142235,-1.4719885461266051
Swansea,230000,GBR,GB,51.6195955,-3.9459248
Southampton,216000,GBR,GB,50.9025349,-1.404189
Aberdeen,213070,GBR,GB,57.1482429,-2.0928095
Northampton,196000,GBR,GB,52.23433665,-0.9028072768185827
Dudley,192171,GBR,GB,52.5110832,-2.0816813
Portsmouth,190000,GBR,GB,50.800031,-1.0906023
Newcastle upon Tyne,189150,GBR,GB,54.9738474,-1.6131572
Sunderland,183310,GBR,GB,54.9058512,-1.3828727
Luton,183000,GBR,GB,51.8784385,-0.4152837
Swindon,180000,GBR,GB,51.5615327,-1.7854322
Southend-on-Sea,176000,GBR,GB,51.5388241,0.7128137
Walsall,174739,GBR,GB,52.5847949,-1.9822687
Bournemouth,162000,GBR,GB,50.7201514,-1.8799118
Peterborough,156000,GBR,GB,52.5725769,-0.2427336
Brighton,156124,GBR,GB,50.8214626,-0.1400561
Blackpool,151000,GBR,GB,53.8179442,-3.0509812
Dundee,146690,GBR,GB,56.4605938,-2.97019
West Bromwich,146386,GBR,GB,52.5186579,-1.9923114
Reading,148000,GBR,GB,51.4564242,-0.9700664
Oldbury/Smethwick (Warley),145542,GBR,GB,52.5015214,-2.0167267
Middlesbrough,145000,GBR,GB,54.5760419,-1.2344047
Huddersfield,143726,GBR,GB,53.6466645,-1.7822482
Oxford,144000,GBR,GB,51.7520131,-1.2578499
Poole,141000,GBR,GB,50.7179472,-1.981521
Bolton,139020,GBR,GB,53.5782863,-2.4300367
Blackburn,140000,GBR,GB,53.749326,-2.4840566
Newport,139000,GBR,GB,51.5882332,-2.9974967
Preston,135000,GBR,GB,53.7593363,-2.6992717
Stockport,132813,GBR,GB,53.407901,-2.160243
Norwich,124000,GBR,GB,52.6285576,1.2923954
Rotherham,121380,GBR,GB,53.4310417,-1.355187
Cambridge,121000,GBR,GB,52.2055314,0.1186637
Watford,113080,GBR,GB,51.6553875,-0.3957425
Ipswich,114000,GBR,GB,52.0579324,1.1528095
Slough,112000,GBR,GB,51.5111014,-0.5940682
Exeter,111000,GBR,GB,50.7256138,-3.5269209
Cheltenham,106000,GBR,GB,51.8995685,-2.0711559
Gloucester,107000,GBR,GB,51.8653705,-2.2458192
Saint Helens,106293,GBR,GB,51.7591718,-1.2104762559108466
Sutton Coldfield,106001,GBR,GB,52.5623089,-1.8239794
York,104425,GBR,GB,53.96565785,-1.0743052444639218
Oldham,103931,GBR,GB,53.5415797,-2.1147831
Basildon,100924,GBR,GB,51.5754602,0.4757363
Worthing,100000,GBR,GB,50.8115402,-0.3699697
Chelmsford,97451,GBR,GB,51.7345329,0.4730532
Colchester,96063,GBR,GB,51.8896903,0.8994651
Crawley,97000,GBR,GB,51.1103444,-0.1801094
Gillingham,92000,GBR,GB,51.3871701,0.5461611
Solihull,94531,GBR,GB,52.4130189,-1.7768935
Rochdale,94313,GBR,GB,53.6153659,-2.1557561
Birkenhead,93087,GBR,GB,53.3895177,-3.0248007
Worcester,95000,GBR,GB,52.1911849,-2.2206585
Hartlepool,92000,GBR,GB,54.6857276,-1.2093696
Halifax,91069,GBR,GB,53.7229229,-1.8604874
Woking/Byfleet,92000,GBR,GB,51.3401727,-0.472897
Southport,90959,GBR,GB,53.6475988,-3.0041751
Maidstone,90878,GBR,GB,51.2748258,0.5231646
Eastbourne,90000,GBR,GB,50.7664372,0.2781546
Grimsby,89000,GBR,GB,53.5671407,-0.0788045
Saint Helier,27523,GBR,GB,51.389451,-0.1988601
Douglas,23487,GBR,GB,55.556821,-3.8480017
Gibraltar,27025,GIB,GI,36.1285933,-5.3474761
Athenai,772072,GRC,GR,37.9755648,23.7348324
Thessaloniki,383967,GRC,GR,40.6403167,22.9352716
Pireus,182671,GRC,GR,37.9431594,23.6470593
Patras,153344,GRC,GR,38.246242,21.7350847
Peristerion,137288,GRC,GR,37.89318524288813,23.476388670313657
Herakleion,116178,GRC,GR,35.33908,25.1332843
Kallithea,114233,GRC,GR,37.9560111,23.7033792
Larisa,113090,GRC,GR,39.6383092,22.4160706
Zagreb,706770,HRV,HR,45.8130967,15.9772795
Split,189388,HRV,HR,43.5116383,16.4399659
Rijeka,167964,HRV,HR,45.3267976,14.442208
Osijek,104761,HRV,HR,45.5548793,18.6953685
Budapest,1811552,HUN,HU,47.48138955,19.14609412691246
Debrecen,203648,HUN,HU,47.531399,21.6259782
Miskolc,172357,HUN,HU,48.1030643,20.7900429
Szeged,158158,HUN,HU,46.2546312,20.1486016
Pécs,157332,HUN,HU,46.0765092,18.2280317
Györ,127119,HUN,HU,47.687609,17.6346815
Nyiregyháza,112419,HUN,HU,47.9557802,21.7167982
Kecskemét,105606,HUN,HU,46.9073883,19.6917206
Székesfehérvár,105119,HUN,HU,47.1910169,18.410811
Dublin,481854,IRL,IE,53.3493795,-6.2605593
Cork,127187,IRL,IE,51.897077,-8.4654674
Reykjavík,109184,ISL,IS,64.145981,-21.9422367
Roma,2643581,ITA,IT,41.8933203,12.4829321
Milano,1300977,ITA,IT,45.4641943,9.1896346
Napoli,1002619,ITA,IT,40.8358846,14.2487679
Torino,903705,ITA,IT,45.0677551,7.6824892
Palermo,683794,ITA,IT,38.1112268,13.3524434
Genova,636104,ITA,IT,44.40726,8.9338624
Bologna,381161,ITA,IT,44.4938203,11.3426327
Firenze,376662,ITA,IT,43.7697955,11.2556404
Catania,337862,ITA,IT,37.5023612,15.0873718
Bari,331848,ITA,IT,41.1257843,16.8620293
Venezia,277305,ITA,IT,45.4371908,12.3345898
Messina,259156,ITA,IT,38.1937571,15.5542082
Verona,255268,ITA,IT,45.4424977,10.985737689444765
Trieste,216459,ITA,IT,45.6496485,13.7772781
Padova,211391,ITA,IT,45.391408,11.805848677115884
Taranto,208214,ITA,IT,40.54881555,17.08058012454743
Brescia,191317,ITA,IT,45.77958045,10.4258729694612
Reggio di Calabria,179617,ITA,IT,38.1035389,15.6397556
Modena,176022,ITA,IT,44.5384728,10.93596087053074
Prato,172473,ITA,IT,43.935718050000006,11.09414726770089
Parma,168717,ITA,IT,44.6952006,10.097986896904466
Cagliari,165926,ITA,IT,39.2171994,9.113311
Livorno,161673,ITA,IT,42.7902379,10.340223929577242
Perugia,156673,ITA,IT,43.1070321,12.402996209906489
Foggia,154891,ITA,IT,41.50281055,15.452893911491383
Reggio nell´ Emilia,143664,ITA,IT,44.6086674,10.594066675914796
Salerno,142055,ITA,IT,40.41944165,15.310608468834516
Ravenna,138418,ITA,IT,44.3640607,12.059009490863945
Ferrara,132127,ITA,IT,44.766764249999994,11.827938995640167
Rimini,131062,ITA,IT,43.946543250000005,12.63074901925494
Syrakusa,126282,ITA,IT,37.0646139,15.2907196
Sassari,120803,ITA,IT,40.7778499,8.9219725134863
Monza,119516,ITA,IT,45.6395418,9.278830418070044
Bergamo,117837,ITA,IT,45.7566557,9.754219200862249
Pescara,115698,ITA,IT,42.3102619,13.95759010584892
Latina,114099,ITA,IT,41.45952605,13.012591212188894
Vicenza,109738,ITA,IT,45.63485905,11.40635425660249
Terni,107770,ITA,IT,42.6539486,12.439652829139408
Forlì,107475,ITA,IT,44.2227278,12.041273
Trento,104906,ITA,IT,46.1029536,11.12974249416882
Novara,102037,ITA,IT,45.584250049999994,8.545996970894572
Piacenza,98384,ITA,IT,44.8476352,9.666531257696896
Ancona,98329,ITA,IT,43.4801189,13.218727943815642
Lecce,98208,ITA,IT,40.1522173,18.2260628338229
Bolzano,97232,ITA,IT,46.65594545,11.23021287087526
Catanzaro,96700,ITA,IT,38.82996034999999,16.43155687627833
La Spezia,95504,ITA,IT,44.23836595,9.691232634547536
Udine,94932,ITA,IT,46.0634632,13.2358377
Torre del Greco,94505,ITA,IT,40.7879211,14.3682813
Andria,94443,ITA,IT,41.2275731,16.2954806
Brindisi,93454,ITA,IT,40.63591975,17.688443357842537
Giugliano in Campania,93286,ITA,IT,40.9283217,14.2011232
Pisa,92379,ITA,IT,43.4714722,10.679791173704576
Barletta,91904,ITA,IT,41.3214976,16.2868696
Arezzo,91729,ITA,IT,43.51714415,11.763928194732204
Alessandria,90289,ITA,IT,44.83495335,8.745030418605868
Cesena,89852,ITA,IT,44.136352,12.2422442
Pesaro,88987,ITA,IT,43.9098114,12.9131228
Schaan,5346,LIE,LI,47.1663397,9.510312
Vaduz,5043,LIE,LI,47.1392862,9.5227962
Vilnius,577969,LTU,LT,54.6870458,25.2829111
Kaunas,412639,LTU,LT,54.8982139,23.9044817
Klaipeda,202451,LTU,LT,55.7127529,21.1350469
Šiauliai,146563,LTU,LT,55.9340823,23.3157775
Panevezys,133695,LTU,LT,55.7344985,24.3578055
Luxembourg [Luxemburg/Lëtzebuerg],80700,LUX,LU,49.5999681,6.1342493
Riga,764328,LVA,LV,56.9493977,24.1051846
Daugavpils,114829,LVA,LV,55.8712267,26.5159337
Liepaja,89439,LVA,LV,56.5048435,21.0070903
Monte-Carlo,13154,MCO,MC,43.7402961,7.426559
Monaco-Ville,1234,MCO,MC,43.7309697,7.4248152
Chisinau,719900,MDA,MD,47.0245117,28.8322923
Tiraspol,194300,MDA,MD,46.8566229,29.605918132910546
Balti,153400,MDA,MD,47.7623952,27.9286022
Bender (Tîghina),125700,MDA,MD,46.82044785,29.47694554318988
Skopje,444299,MKD,MK,41.9961816,21.4319213
Birkirkara,21445,MLT,MT,35.8994547,14.4649578
Valletta,7073,MLT,MT,35.8989818,14.5136759
Amsterdam,731200,NLD,NL,52.3730796,4.8924534
Rotterdam,593321,NLD,NL,51.9244424,4.47775
Haag,440900,NLD,NL,52.0799838,4.3113461
Utrecht,234323,NLD,NL,52.0907006,5.1215634
Eindhoven,201843,NLD,NL,51.4392648,5.478633
Tilburg,193238,NLD,NL,51.58561845,5.0660616131367675
Groningen,172701,NLD,NL,53.2190652,6.5680077
Breda,160398,NLD,NL,51.5887845,4.7760237
Apeldoorn,153491,NLD,NL,52.17957375,5.930077460807249
Nijmegen,152463,NLD,NL,51.842574850000005,5.838960628748229
Enschede,149544,NLD,NL,52.22336325,6.870595664097989
Haarlem,148772,NLD,NL,52.3885317,4.6388048
Almere,142465,NLD,NL,52.3705038,5.2185859
Arnhem,138020,NLD,NL,52.0056642,5.8762345077641305
Zaanstad,135621,NLD,NL,52.4689235,4.773783522451712
´s-Hertogenbosch,129170,NLD,NL,51.6889387,5.303116
Amersfoort,126270,NLD,NL,52.1562499,5.3896944
Maastricht,122087,NLD,NL,50.8512438,5.6909768
Dordrecht,119811,NLD,NL,51.7689546,4.686789054617023
Leiden,117196,NLD,NL,52.1594747,4.4908843
Haarlemmermeer,110722,NLD,NL,52.3238421,4.715261248876009
Zoetermeer,110214,NLD,NL,52.06228915,4.487754536970652
Emmen,105853,NLD,NL,52.75286615,6.952513466208563
Zwolle,105819,NLD,NL,52.5089759,6.0943765
Ede,101574,NLD,NL,52.07168255,5.745510631034939
Delft,95268,NLD,NL,52.0114017,4.35839
Heerlen,95052,NLD,NL,50.8775239,5.981506585454879
Alkmaar,92713,NLD,NL,52.6008538,4.817099446443963
Oslo,508726,NOR,NO,59.9133301,10.7389701
Bergen,230948,NOR,NO,60.3943055,5.3259192
Trondheim,150166,NOR,NO,63.4304475,10.3952118
Stavanger,108848,NOR,NO,58.9699675,5.7318101
Bærum,101340,NOR,NO,59.9289639,10.499710818578327
Warszawa,1615369,POL,PL,52.2319581,21.0067249
Lódz,800110,POL,PL,51.7687323,19.4569911
Kraków,738150,POL,PL,50.0469432,19.997153435836697
Wroclaw,636765,POL,PL,51.1089776,17.0326689
Poznan,576899,POL,PL,52.4082663,16.9335199
Gdansk,458988,POL,PL,54.42880315,18.79832701217957
Szczecin,416988,POL,PL,53.42968095,14.592912670292268
Bydgoszcz,386855,POL,PL,53.12971265,18.02944875572119
Lublin,356251,POL,PL,51.2181945,22.554677562145155
Katowice,345934,POL,PL,50.2598987,19.0215852
Bialystok,283937,POL,PL,53.132398,23.1591679
Czestochowa,257812,POL,PL,50.8089997,19.1244089281233
Gdynia,253521,POL,PL,54.52333035,18.604027892041863
Sosnowiec,244102,POL,PL,50.2712401,19.21556284229424
Radom,232262,POL,PL,51.41716055,21.160944780832743
Kielce,212383,POL,PL,50.85402845,20.60991568734511
Gliwice,212164,POL,PL,50.30113145,18.662347227971978
Torun,206158,POL,PL,53.0145361,18.596583144651557
Bytom,205560,POL,PL,50.3657432,18.87153251609449
Zabrze,200177,POL,PL,50.31428055,18.781576310579183
Bielsko-Biala,180307,POL,PL,49.81207845,19.029198802013944
Olsztyn,170904,POL,PL,53.77664395,20.477753092192152
Rzeszów,162049,POL,PL,50.013064,22.016143457294312
Ruda Slaska,159665,POL,PL,50.27034825,18.864387901747556
Rybnik,144582,POL,PL,50.1105691,18.553187366087336
Walbrzych,136923,POL,PL,50.785221,16.284640336127822
Tychy,133178,POL,PL,50.114397,18.9965933
Dabrowa Górnicza,131037,POL,PL,50.369624,19.289046489684473
Plock,131011,POL,PL,52.5353471,19.713630138580008
Elblag,129782,POL,PL,54.1988997,19.44108568736702
Opole,129553,POL,PL,50.6668184,17.9236408
Gorzów Wielkopolski,126019,POL,PL,52.7309926,15.2400451
Wloclawek,123373,POL,PL,52.6655636,19.096129748054388
Chorzów,121708,POL,PL,50.2978791,18.9544466
Tarnów,121494,POL,PL,50.025988299999995,20.96405842696229
Zielona Góra,118182,POL,PL,51.9383777,15.5050408
Koszalin,112375,POL,PL,54.19092,16.17707
Legnica,109335,POL,PL,51.204768900000005,16.174675034638256
Kalisz,106641,POL,PL,51.74736505,18.079590087700034
Grudziadz,102434,POL,PL,53.47251195,18.76189367688005
Slupsk,102370,POL,PL,54.4649331,17.028073
Jastrzebie-Zdrój,102294,POL,PL,49.9519085,18.6023614
Jaworzno,97929,POL,PL,50.1894999,19.272511168425055
Jelenia Góra,93901,POL,PL,50.9031028,15.7344306
Lisboa,563210,PRT,PT,38.7077507,-9.1365919
Porto,273060,PRT,PT,41.1494512,-8.6107884
Amadora,122106,PRT,PT,38.758959,-9.2365233
Coímbra,96100,PRT,PT,40.2111931,-8.4294632
Braga,90535,PRT,PT,41.5510583,-8.4280045
Bucuresti,2016131,ROU,RO,44.4361414,26.1027202
Iasi,348070,ROU,RO,47.1615598,27.5837814
Constanta,342264,ROU,RO,44.172889600000005,28.621515355297703
Cluj-Napoca,332498,ROU,RO,46.769379,23.5899542
Galati,330276,ROU,RO,45.4338215,28.0549395
Timisoara,324304,ROU,RO,45.7538355,21.2257474
Brasov,314225,ROU,RO,45.6525105,25.6105654
Craiova,313530,ROU,RO,44.3190159,23.7965614
Ploiesti,251348,ROU,RO,44.9417468,26.0236504
Braila,233756,ROU,RO,45.2716092,27.9742932
Oradea,222239,ROU,RO,47.0549163,21.9285231
Bacau,209235,ROU,RO,46.4228703,26.716399078506697
Pitesti,187170,ROU,RO,44.8572343,24.8719422
Arad,184408,ROU,RO,46.1753793,21.3196342
Sibiu,169611,ROU,RO,45.7973912,24.1519202
Târgu Mures,165153,ROU,RO,46.5446253,24.561196
Baia Mare,149665,ROU,RO,47.6565584,23.5719843
Buzau,148372,ROU,RO,45.26925815,26.7748172789942
Satu Mare,130059,ROU,RO,47.7891763,22.8725598
Botosani,128730,ROU,RO,47.8528263,26.759333980148376
Piatra Neamt,125070,ROU,RO,46.9324673,26.36301950206726
Râmnicu Vâlcea,119741,ROU,RO,45.1031731,24.3647209
Suceava,118549,ROU,RO,47.53265345,25.834593917414125
Drobeta-Turnu Severin,117865,ROU,RO,44.6257835,22.6531975
Târgoviste,98980,ROU,RO,44.9267709,25.462816
Focsani,98979,ROU,RO,45.697274,27.1856921
Târgu Jiu,98524,ROU,RO,45.0422947,23.2728118
Tulcea,96278,ROU,RO,45.177518,28.8016348
Resita,93976,ROU,RO,45.2890106,21.8877676
Moscow,8389200,RUS,RU,55.625578,37.6063916
St Petersburg,4694000,RUS,RU,59.9606739,30.1586551
Novosibirsk,1398800,RUS,RU,55.0288307,82.9226887
Nizni Novgorod,1357000,RUS,RU,56.3264816,44.0051395
Jekaterinburg,1266300,RUS,RU,56.839104,60.60825
Samara,1156100,RUS,RU,53.2194648,50.2039316
Omsk,1148900,RUS,RU,54.991375,73.371529
Kazan,1101000,RUS,RU,55.7823547,49.1242266
Ufa,1091200,RUS,RU,54.7261409,55.947499
Tšeljabinsk,1083200,RUS,RU,55.1598408,61.4025547
Rostov-na-Donu,1012700,RUS,RU,47.2216548,39.7096061
Perm,1009700,RUS,RU,58.014965,56.246723
Volgograd,993400,RUS,RU,48.7081906,44.5153353
Voronez,907700,RUS,RU,51.6605982,39.2005858
Krasnojarsk,875500,RUS,RU,56.0091173,92.872586
Saratov,874000,RUS,RU,51.530018,46.034683
Toljatti,722900,RUS,RU,53.5149884,49.4073316
Uljanovsk,667400,RUS,RU,54.3150278,48.403373
Izevsk,652800,RUS,RU,56.866557,53.2094166
Krasnodar,639000,RUS,RU,45.0351532,38.9772396
Jaroslavl,616700,RUS,RU,57.6263877,39.8933705
Habarovsk,609400,RUS,RU,48.4812568,135.0762968
Vladivostok,606200,RUS,RU,43.1150678,131.8855768
Irkutsk,593700,RUS,RU,52.2891225,104.279829
Barnaul,580100,RUS,RU,53.3475493,83.7788448
Novokuznetsk,561600,RUS,RU,53.7575903,87.1358494
Penza,532200,RUS,RU,53.1953477,45.0190437
Rjazan,529900,RUS,RU,54.6295687,39.7425039
Orenburg,523600,RUS,RU,51.7671248,55.0978517
Lipetsk,521000,RUS,RU,52.6935178,39.1122664
Nabereznyje Tšelny,514700,RUS,RU,55.7419774,52.399207
Tula,506100,RUS,RU,54.1930321,37.61754
Tjumen,503400,RUS,RU,57.153534,65.542274
Kemerovo,492700,RUS,RU,55.3550907,86.0871213
Astrahan,486100,RUS,RU,46.3498308,48.0326203
Tomsk,482100,RUS,RU,58.6124279,82.0475315
Kirov,466200,RUS,RU,58.6035661,49.6666241
Ivanovo,459200,RUS,RU,56.9984452,40.9737394
Tšeboksary,459200,RUS,RU,56.1307195,47.2449597
Brjansk,457400,RUS,RU,53.2423778,34.3668288
Tver,454900,RUS,RU,56.8596713,35.89524161906262
Kursk,443500,RUS,RU,51.72703565,36.192247956921115
Magnitogorsk,427900,RUS,RU,53.42568665,59.050732193093054
Kaliningrad,424400,RUS,RU,54.710128,20.5105838
Nizni Tagil,390900,RUS,RU,57.905149,59.9508466
Murmansk,376300,RUS,RU,68.970665,33.07497
Ulan-Ude,370400,RUS,RU,51.8357841,107.5839105
Kurgan,364700,RUS,RU,55.41284775,65.38521650075313
Arkangeli,361800,RUS,RU,64.543022,40.537121
Sotši,358600,RUS,RU,43.5854823,39.723109
Smolensk,353400,RUS,RU,54.77897005,32.04718121915615
Orjol,344500,RUS,RU,52.9687747,36.0694937
Stavropol,343300,RUS,RU,44.8632577,43.4406913
Belgorod,342000,RUS,RU,50.5955595,36.5873394
Kaluga,339300,RUS,RU,54.5101087,36.2598115
Vladimir,337100,RUS,RU,56.1288899,40.4075203
Mahatškala,332800,RUS,RU,42.9830241,47.5048717
Tšerepovets,324400,RUS,RU,59.128696,37.916389
Saransk,314800,RUS,RU,54.18671,45.18383
Tambov,312000,RUS,RU,52.731118499999994,41.434199146086904
Vladikavkaz,310100,RUS,RU,43.024593,44.68211
Tšita,309900,RUS,RU,52.033409,113.500893
Vologda,302500,RUS,RU,60.0391461,43.1215213
Veliki Novgorod,299500,RUS,RU,58.5209862,31.2757862
Komsomolsk-na-Amure,291600,RUS,RU,50.561797,136.9995057005502
Kostroma,288100,RUS,RU,57.7679158,40.9269141
Volzski,286900,RUS,RU,48.7862021,44.7519454
Taganrog,284400,RUS,RU,47.2153657,38.9285216
Petroskoi,282100,RUS,RU,61.7900426,34.390007
Bratsk,277600,RUS,RU,56.1517085,101.6334907
Dzerzinsk,277100,RUS,RU,56.2382157,43.4617405
Surgut,274900,RUS,RU,61.254032,73.3964
Orsk,273900,RUS,RU,51.2305015,58.4738015
Sterlitamak,265200,RUS,RU,53.632374,55.952259
Angarsk,264700,RUS,RU,52.5443167,103.8882138
Joškar-Ola,249200,RUS,RU,56.6326996,47.8975847
Rybinsk,239600,RUS,RU,58.050373,38.834637
Prokopjevsk,237300,RUS,RU,53.8879117,86.7492072
Niznevartovsk,233900,RUS,RU,60.9339411,76.5814274
Naltšik,233400,RUS,RU,43.4769604,43.5966578
Syktyvkar,229700,RUS,RU,61.6685237,50.8352024
Severodvinsk,229300,RUS,RU,64.563385,39.823769
Bijsk,225000,RUS,RU,52.5394905,85.2148673
Niznekamsk,223400,RUS,RU,55.6412879,51.8160376
Blagoveštšensk,222000,RUS,RU,50.2600417,127.5337378
Šahty,221800,RUS,RU,47.7119167,40.2115699
Staryi Oskol,213800,RUS,RU,51.298038,37.833202
Zelenograd,207100,RUS,RU,55.9964233,37.198534
Balakovo,206000,RUS,RU,52.01812,47.819141
Novorossijsk,203300,RUS,RU,44.83046625,37.64914495055396
Pihkova,201500,RUS,RU,57.8173923,28.3343465
Zlatoust,196900,RUS,RU,55.1674213,59.6792625
Jakutsk,195400,RUS,RU,62.0274078,129.7319787
Podolsk,194300,RUS,RU,55.4308841,37.5453056
Petropavlovsk-Kamtšatski,194100,RUS,RU,53.0199838,158.6471356
Kamensk-Uralski,190600,RUS,RU,56.415451,61.917797
Engels,189000,RUS,RU,51.5013775,46.1233093
Syzran,186900,RUS,RU,53.15538,48.474121
Grozny,186000,RUS,RU,43.3197031,45.6934308
Novotšerkassk,184400,RUS,RU,47.41066,40.101986
Berezniki,181900,RUS,RU,59.4084171,56.8036958
Juzno-Sahalinsk,179200,RUS,RU,46.9574273,142.727438
Volgodonsk,178200,RUS,RU,47.5412272,42.22788957160185
Abakan,169200,RUS,RU,53.72068,91.4406019
Maikop,167300,RUS,RU,44.6062079,40.104053
Miass,166200,RUS,RU,55.09957385,60.02363970676713
Armavir,164900,RUS,RU,44.9993585,41.1294061
Ljubertsy,163900,RUS,RU,55.6783142,37.89377
Rubtsovsk,162600,RUS,RU,51.5276264,81.2176174
Kovrov,159900,RUS,RU,56.3553861,41.3169929828466
Nahodka,157700,RUS,RU,42.8246489,132.8926
Ussurijsk,157300,RUS,RU,43.7972447,131.9520752
Salavat,156800,RUS,RU,53.361687,55.924641
Mytištši,155700,RUS,RU,55.9094928,37.7339358
Kolomna,150700,RUS,RU,55.0938743,38.7670121
Elektrostal,147000,RUS,RU,55.7903785,38.4405711
Murom,142400,RUS,RU,55.5738,42.0447
Kolpino,141200,RUS,RU,56.026581,29.984261
Norilsk,140800,RUS,RU,69.3444054,88.2096151
Almetjevsk,140700,RUS,RU,54.9005008,52.2963777
Novomoskovsk,138100,RUS,RU,54.011013,38.290943
Dimitrovgrad,137000,RUS,RU,54.2188995,49.6038982
Pervouralsk,136100,RUS,RU,56.9051246,59.9431941
Himki,133700,RUS,RU,55.8917293,37.4396994
Balašiha,132900,RUS,RU,55.7997662,37.9373707
Nevinnomyssk,132600,RUS,RU,44.6245814,41.9475941
Pjatigorsk,132500,RUS,RU,44.039775,43.0706669
Korolev,132400,RUS,RU,55.9190049,37.8150443
Serpuhov,132000,RUS,RU,54.9155247,37.4195533
Odintsovo,127400,RUS,RU,55.678223,37.2668096
Orehovo-Zujevo,124900,RUS,RU,55.8083278,38.9790038
Kamyšin,124600,RUS,RU,50.0808422,45.4048003
Novotšeboksarsk,123400,RUS,RU,56.1140023,47.4870341
Tšerkessk,121700,RUS,RU,44.2285229,42.048257
Atšinsk,121600,RUS,RU,56.2694846,90.4953964
Magadan,121000,RUS,RU,63.5515028,154.014726
Mitšurinsk,120700,RUS,RU,52.8946613,40.5071721
Kislovodsk,120400,RUS,RU,43.9055311,42.7157283
Jelets,119400,RUS,RU,52.6219865,38.5003298
Seversk,118600,RUS,RU,56.603161,84.881012
Noginsk,117200,RUS,RU,55.8553511,38.4411898
Velikije Luki,116300,RUS,RU,56.342361,30.527922
Novokuibyševsk,116200,RUS,RU,53.099243,49.948364
Neftekamsk,115700,RUS,RU,56.0884031,54.2478094
Leninsk-Kuznetski,113800,RUS,RU,54.665443,86.166115
Oktjabrski,111500,RUS,RU,54.4809722,53.4660062
Sergijev Posad,111100,RUS,RU,56.3153284,38.1359898
Arzamas,110700,RUS,RU,55.3987879,43.8210933
Kiseljovsk,110000,RUS,RU,54.0049872,86.6354771
Novotroitsk,109600,RUS,RU,51.196369,58.298527
Obninsk,108300,RUS,RU,55.09992175,36.609273347238314
Kansk,107400,RUS,RU,56.205997,95.706787
Glazov,106300,RUS,RU,58.1401196,52.6464388
Solikamsk,106000,RUS,RU,59.649437,56.779594
Sarapul,105700,RUS,RU,56.4774374,53.8194777
Ust-Ilimsk,105200,RUS,RU,57.959473,102.734192
Štšolkovo,104900,RUS,RU,55.9206499,37.9915576
Mezduretšensk,104400,RUS,RU,63.2182352,48.5627304
Usolje-Sibirskoje,103500,RUS,RU,52.7512013,103.6621625
Elista,103300,RUS,RU,46.306999,44.270187
Novošahtinsk,101900,RUS,RU,47.7558886,39.935987
Votkinsk,101700,RUS,RU,57.052505,53.990612
Kyzyl,101100,RUS,RU,51.719079,94.4300679
Serov,100400,RUS,RU,59.6051267,60.5733483
Zelenodolsk,100200,RUS,RU,55.8586627,48.55746590061055
Zeleznodoroznyi,100100,RUS,RU,55.1060849,61.5450529
Kinešma,100000,RUS,RU,57.4426901,42.1687834
Kuznetsk,98200,RUS,RU,53.112514,46.600727
Uhta,98000,RUS,RU,63.5623797,53.6842376
Jessentuki,97900,RUS,RU,44.0470042,42.8576575
Tobolsk,97600,RUS,RU,58.21071075,68.36961038981468
Neftejugansk,97400,RUS,RU,61.090309,72.6101
Bataisk,97300,RUS,RU,47.138527,39.742348
Nojabrsk,97300,RUS,RU,63.2002917,75.4475807
Balašov,97100,RUS,RU,51.5546717,43.1430732
Zeleznogorsk,96900,RUS,RU,52.331424,35.42438367560703
Zukovski,96500,RUS,RU,55.5972801,38.1199863
Anzero-Sudzensk,96100,RUS,RU,56.077808,86.019356
Bugulma,94100,RUS,RU,54.5384152,52.7955953
Zeleznogorsk,94000,RUS,RU,52.331424,35.42438367560703
Novouralsk,93300,RUS,RU,57.247047,60.095818
Puškin,92900,RUS,RU,59.722256,30.415731
Vorkuta,92600,RUS,RU,67.5035662,64.0627028
Derbent,92300,RUS,RU,42.057858,48.2887648
Kirovo-Tšepetsk,91600,RUS,RU,58.555069,50.0313048
Krasnogorsk,91000,RUS,RU,55.8217545,37.3400897
Klin,90000,RUS,RU,56.3355601,36.7351318
Tšaikovski,90000,RUS,RU,56.8416294,60.6112173
Novyi Urengoi,89800,RUS,RU,66.085196,76.6799167
Longyearbyen,1438,SJM,SJ,78.2231558,15.6463656
Serravalle,4802,SMR,SM,43.9699026,12.4802946
San Marino,2294,SMR,SM,43.9458623,12.458306
Bratislava,448292,SVK,SK,48.1516988,17.1093063
Košice,241874,SVK,SK,48.7172272,21.2496774
Prešov,93977,SVK,SK,49.0000074,21.2392122
Ljubljana,270986,SVN,SI,46.0500268,14.5069289
Maribor,115532,SVN,SI,46.5576439,15.6455854
Stockholm,750348,SWE,SE,59.3251172,18.0710935
Gothenburg [Göteborg],466990,SWE,SE,57.7072326,11.9670171
Malmö,259579,SWE,SE,55.6052931,13.0001566
Uppsala,189569,SWE,SE,59.8586126,17.6387436
Linköping,133168,SWE,SE,58.4098135,15.6245252
Västerås,126328,SWE,SE,59.6110992,16.5463679
Örebro,124207,SWE,SE,59.2747287,15.2151181
Norrköping,122199,SWE,SE,58.5909124,16.1903511
Helsingborg,117737,SWE,SE,56.0442098,12.703706
Jönköping,117095,SWE,SE,57.7825634,14.165719
Umeå,104512,SWE,SE,63.8256568,20.2630745
Lund,98948,SWE,SE,55.7029296,13.1929449
Borås,96883,SWE,SE,57.7210839,12.9407407
Sundsvall,93126,SWE,SE,62.3907552,17.3071024
Gävle,90742,SWE,SE,60.6750132,17.1467019
Kyiv,2624000,UKR,UA,50.4500336,30.5241361
Harkova [Harkiv],1500000,UKR,UA,49.9923181,36.2310146
Dnipropetrovsk,1103000,UKR,UA,48.662589,34.9501715
Donetsk,1050000,UKR,UA,48.0158753,37.8013407
Odesa,1011000,UKR,UA,46.4843023,30.7322878
Zaporizzja,848000,UKR,UA,47.8507859,35.1182867
Lviv,788000,UKR,UA,49.841952,24.0315921
Kryvyi Rig,703000,UKR,UA,47.9102734,33.3917703
Mykolajiv,508000,UKR,UA,46.9758615,31.9939666
Mariupol,490000,UKR,UA,47.0957648,37.5499621
Lugansk,469000,UKR,UA,48.5717084,39.2973153
Vinnytsja,391000,UKR,UA,49.2320162,28.467975
Makijivka,384000,UKR,UA,48.0448144,37.9635093
Herson,353000,UKR,UA,46.6401295,32.6143922
Sevastopol,348000,UKR,UA,44.6054434,33.5220842
Simferopol,339000,UKR,UA,44.9521459,34.1024858
Pultava [Poltava],313000,UKR,UA,49.5897423,34.5507948
Tšernigiv,313000,UKR,UA,51.272593,31.7417235
Tšerkasy,309000,UKR,UA,49.4447056,32.0588085
Gorlivka,299000,UKR,UA,48.3058686,38.0027664
Zytomyr,297000,UKR,UA,50.2601065,28.6696281
Sumy,294000,UKR,UA,50.9119775,34.8027723
Dniprodzerzynsk,270000,UKR,UA,48.5167748,34.6068797
Kirovograd,265000,UKR,UA,48.5105805,32.2656283
Hmelnytskyi,262000,UKR,UA,49.4196404,26.9793793
Tšernivtsi,259000,UKR,UA,48.2864702,25.9376532
Rivne,245000,UKR,UA,51.2074112,26.5208033
Krementšuk,239000,UKR,UA,49.09285285,33.43081884909263
Ivano-Frankivsk,237000,UKR,UA,48.7481718,24.5207477
Ternopil,236000,UKR,UA,49.6630002,25.6167516
Lutsk,217000,UKR,UA,50.7450733,25.320078
Bila Tserkva,215000,UKR,UA,49.7969703,30.1158069
Kramatorsk,186000,UKR,UA,48.7389415,37.5843812
Melitopol,169000,UKR,UA,46.8467267,35.3827281
Kertš,162000,UKR,UA,45.3534002,36.4538645
Nikopol,149000,UKR,UA,47.5692061,34.3917272
Berdjansk,130000,UKR,UA,46.755678,36.7887623
Pavlograd,127000,UKR,UA,48.5316759,35.8703695
Sjeverodonetsk,127000,UKR,UA,48.9478698,38.4936475
Slovjansk,127000,UKR,UA,48.8522691,37.6058241
Uzgorod,127000,UKR,UA,48.6223731,22.3022572
Altševsk,119000,UKR,UA,48.4701987,38.8010178
Lysytšansk,116000,UKR,UA,48.917267,38.4285981
Jevpatorija,112000,UKR,UA,45.1907635,33.3679049
Kamjanets-Podilskyi,109000,UKR,UA,48.6781294,26.5854027
Jenakijeve,105000,UKR,UA,48.2305107,38.185045
Krasnyi Lutš,101000,UKR,UA,48.1351471,38.9198948
Stahanov,101000,UKR,UA,48.5595971,38.6499847
Oleksandrija,99000,UKR,UA,48.670609,33.1169742
Konotop,96000,UKR,UA,51.2397495,33.206675
Kostjantynivka,95000,UKR,UA,48.534859,37.6923705
Berdytšiv,90000,UKR,UA,49.8940442,28.5814912
Izmajil,90000,UKR,UA,45.3511307,28.8361514
Šostka,90000,UKR,UA,51.864355,33.4728542
Uman,90000,UKR,UA,48.7497621,30.2203052
Brovary,89000,UKR,UA,50.5111168,30.7900482
Mukatševe,89000,UKR,UA,48.4421119,22.7185408
Città del Vaticano,455,VAT,VA,41.903411,12.4528527
Beograd,1204000,SRB,RS,44.8178131,20.4568974
Novi Sad,179626,SRB,RS,45.2551338,19.8451756
Niš,175391,SRB,RS,43.3211301,21.8959232
Priština,155496,SRB,RS,44.79900155,20.478207228792492
Kragujevac,147305,SRB,RS,44.0130251,20.91925
Podgorica,135000,SRB,RS,43.782267710282504,19.67967945500539
Subotica,100386,SRB,RS,46.1002058,19.6653273
Prizren,92303,SRB,RS,42.2130151,20.7363339
